registrant_id,registrant_firstname,registrant_lastname,registrant_phone,registrant_email
1098,Shalna,Dibley,2685701170,sdibley0@mashable.com
1099,Averyl,Darton,5963952089,adarton1@google.ru
1100,Dolly,Sarver,5753316193,dsarver2@addtoany.com
1101,Eliot,Brosini,7328703975,ebrosini3@prnewswire.com
1102,Hagen,Buddles,3265595976,hbuddles4@cargocollective.com
1103,Juliet,Berryann,3474839525,jberryann5@dot.gov
1104,Verile,Caghy,9322631310,vcaghy6@freewebs.com
1105,Lemar,Pauler,6295547937,lpauler7@studiopress.com
1106,Sascha,Labdon,8923400784,slabdon8@google.fr
1107,Clarice,Ranscombe,5832364781,cranscombe9@army.mil
1108,Ashil,Ortet,8279135654,aorteta@forbes.com
1109,Zachery,Haire,9146888079,zhaireb@nymag.com
1110,Orton,Quidenham,5072650356,oquidenhamc@uiuc.edu
1111,Daphna,Dearl,2169735671,ddearld@latimes.com
1112,Brandon,Liunoras,3525555555,biggman@goodmanmail.com
1113,Casie,Rennolds,4343229174,crennoldsf@shareasale.com
1114,Anni,Edlestone,8541840875,aedlestoneg@who.int
1115,Rochester,Bruinemann,6524244417,rbruinemannh@latimes.com
1116,Cleveland,Dodgshun,7437151691,cdodgshuni@wiley.com
1117,Eran,Hugonet,5391236208,ehugonetj@reverbnation.com
1118,Demetris,Opdenorth,8461196728,dopdenorthk@baidu.com
1119,Vivien,Kensit,5074373304,vkensitl@bbb.org
1120,Carlyle,Cron,6554868300,ccronm@intel.com
1121,Hastie,Kelcey,9847759534,hkelceyn@tumblr.com
1122,Antonella,Flinn,7732518781,aflinno@deviantart.com
1123,Tory,Buckam,7884822281,tbuckamp@hud.gov
1124,Nadeen,Davidek,7076798565,ndavidekq@stanford.edu
1125,Tiffy,Adderley,8585028182,tadderleyr@loc.gov
1126,Etti,Pohlke,2294365466,epohlkes@army.mil
1127,Hailey,Waumsley,9284599856,hwaumsleyt@twitter.com
1128,Ulysses,Luciani,9754879431,ulucianiu@youtu.be
1129,Asa,Shoebridge,8831747332,ashoebridgev@rambler.ru
1130,Johna,Kender,4536904507,jkenderw@ftc.gov
1131,Cheri,Babbe,1801311753,cbabbex@woothemes.com
1132,Justinian,O'Fearguise,4373357039,jofearguisey@lycos.com
1133,Wash,Kill,2575939923,wkillz@altervista.org
1134,Chantal,Purple,2926814518,cpurple10@usgs.gov
1135,Herta,Crankshaw,3598924671,hcrankshaw11@booking.com
1136,Madelena,Maxted,6387406824,mmaxted12@a8.net
1137,Shandeigh,Scrivinor,3953906422,sscrivinor13@1und1.de
1138,Carolan,Brittle,1176357803,cbrittle14@admin.ch
1139,Naoma,Rivilis,9243327495,nrivilis15@omniture.com
1140,Darleen,Wareing,4203702179,dwareing16@nytimes.com
1141,Corly,Smye,1578184735,csmye17@dion.ne.jp
1142,Crystal,Bertelmot,8833622285,cbertelmot18@over-blog.com
1143,Jimmy,Littley,1274582274,jlittley19@prnewswire.com
1144,Albrecht,Havill,9968406002,ahavill1a@typepad.com
1145,Ludovico,Batchelour,6531560895,lbatchelour1b@miibeian.gov.cn
1146,Trenna,DuPlantier,5132461311,tduplantier1c@flickr.com
1147,Glynn,Reynard,1926032392,greynard1d@photobucket.com
1148,Blondy,Norgan,1035532583,bnorgan1e@issuu.com
1149,Prince,Vedenyapin,5611681717,pvedenyapin1f@surveymonkey.com
1150,Louisette,Judgkins,2842811083,ljudgkins1g@123-reg.co.uk
1151,Edy,Strachan,9683804329,estrachan1h@ihg.com
1152,Artemis,Julian,4648292507,ajulian1i@vinaora.com
1153,Carolyne,Buick,3689955423,cbuick1j@illinois.edu
1154,Milton,Harrema,2761856072,mharrema1k@cloudflare.com
1155,Taddeusz,Goundrill,1053495738,tgoundrill1l@tinyurl.com
1156,Adelaide,Bernadot,6074979970,abernadot1m@skype.com
1157,Emiline,Bonome,5083602524,ebonome1n@apple.com
1158,Cameron,Barbie,3909546473,cbarbie1o@ovh.net
1159,Amaleta,Gyves,8191515553,agyves1p@noaa.gov
1160,Claus,Lescop,6325994111,clescop1q@nationalgeographic.com
1161,Heloise,Lembcke,5765920952,hlembcke1r@nydailynews.com
1162,Marna,Partener,3115662328,mpartener1s@t-online.de
1163,Felix,Spat,5233683924,fspat1t@naver.com
1164,Archy,Alecock,7559438869,aalecock1u@nifty.com
1165,Gaelan,Piddock,8697026424,gpiddock1v@gov.uk
1166,Carolynn,Poge,3401223264,cpoge1w@narod.ru
1167,Harriot,Erratt,1767023316,herratt1x@columbia.edu
1168,Harriot,Lucks,4542291623,hlucks1y@bbb.org
1169,Stanford,Bargery,9282265272,sbargery1z@typepad.com
1170,Paulie,Shreeve,2901616108,pshreeve20@netvibes.com
1171,Alysia,Ferreras,7615902731,aferreras21@merriam-webster.com
1172,Gabbie,Gallehawk,6139116977,ggallehawk22@webmd.com
1173,Louisa,Persitt,8044294735,lpersitt23@youku.com
1174,Aubert,Bowdon,6898020043,abowdon24@woothemes.com
1175,Wallace,Sambrook,7629684030,wsambrook25@yellowpages.com
1176,Ware,Bertie,5399326207,wbertie26@tuttocitta.it
1177,Roze,Burnsell,9624160513,rburnsell27@google.ru
1178,Ulrick,Mawd,6233571048,umawd28@mayoclinic.com
1179,Hew,Knewstub,9906890020,hknewstub29@netlog.com
1180,Edgardo,Monget,6135381947,emonget2a@oakley.com
1181,Reina,Ashcroft,3328368347,rashcroft2b@aboutads.info
1182,Luci,Petrusch,5766679805,lpetrusch2c@jiathis.com
1183,Brandie,Maytom,1967138709,bmaytom2d@csmonitor.com
1184,Kristoforo,Rozycki,8072078894,krozycki2e@parallels.com
1185,Jamima,Crosston,6219727902,jcrosston2f@google.cn
1186,Aubry,Bartrap,5544073422,abartrap2g@examiner.com
1187,Mirabel,Constantinou,4204250960,mconstantinou2h@clickbank.net
1188,Hillyer,Pittendreigh,2363929793,hpittendreigh2i@ehow.com
1189,Neil,Pett,3323034623,npett2j@ucsd.edu
1190,Jilly,Barke,6427683967,jbarke2k@blogspot.com
1191,Dore,Brawley,6544889728,dbrawley2l@businesswire.com
1192,Philippine,Nekrews,3836754171,pnekrews2m@patch.com
1193,Rosaleen,McClymond,3601936432,rmcclymond2n@domainmarket.com
1194,Annamaria,Jeffry,7739040318,ajeffry2o@amazonaws.com
1195,Darbee,Witcombe,8995144796,dwitcombe2p@comsenz.com
1196,Tiebold,Dagless,8585844126,tdagless2q@narod.ru
1197,Sergent,Borge,2731789919,sborge2r@cnet.com
1198,Germayne,Weight,1588658744,gweight2s@amazon.com
1199,Ami,Alyonov,4824791456,aalyonov2t@google.it
1200,Nanete,Antonioni,5171002867,nantonioni2u@oakley.com
1201,Terry,Larrie,3393714924,tlarrie2v@rakuten.co.jp
1202,Phyllys,Barkus,1405451396,pbarkus2w@addtoany.com
1203,Carlotta,Tattersill,3964369331,ctattersill2x@blinklist.com
1204,Grissel,Bedlington,2142668402,gbedlington2y@un.org
1205,Brittaney,Vesco,9984391882,bvesco2z@tuttocitta.it
1206,Nichols,Riddoch,6745134696,nriddoch30@flavors.me
1207,Keven,Mossdale,7891672055,kmossdale31@accuweather.com
1208,Lonna,Bartlam,6563312823,lbartlam32@google.pl
1209,Guthrey,Ibbett,6021705741,gibbett33@webs.com
1210,Tabitha,Lacroutz,8592045461,tlacroutz34@dedecms.com
1211,Jeanelle,Gebbe,4681939903,jgebbe35@goo.ne.jp
1212,Katrine,Klaaassen,3104507594,kklaaassen36@earthlink.net
1213,Lara,Poytres,3546158246,lpoytres37@cdc.gov
1214,Corabella,Corps,8084822763,ccorps38@bloglovin.com
1215,Sacha,Rawsthorne,6306803079,srawsthorne39@exblog.jp
1216,Ezri,Posnett,2966057649,eposnett3a@virginia.edu
1217,Trevor,Petett,4459970322,tpetett3b@webeden.co.uk
1218,Yurik,Jermin,6456215495,yjermin3c@nifty.com
1219,Kalli,Scotts,8084993874,kscotts3d@ebay.com
1220,Chad,Overstall,2609186222,coverstall3e@shutterfly.com
1221,Shandra,Puddle,4996749007,spuddle3f@cam.ac.uk
1222,Elsa,Belbin,8467537850,ebelbin3g@goo.ne.jp
1223,Lotti,Casel,6741420192,lcasel3h@instagram.com
1224,Misti,Megahey,8035922505,mmegahey3i@phoca.cz
1225,Lurette,Kollaschek,1969204606,lkollaschek3j@hhs.gov
1226,Shannon,Brawley,1713474664,sbrawley3k@mozilla.com
1227,Jordon,StLouis,4776943906,jstlouis3l@amazonaws.com
1228,Alon,Ewins,2847689682,aewins3m@histats.com
1229,Francesca,Jepperson,3867856679,fjepperson3n@sciencedaily.com
1230,Luella,Roeby,4921154196,lroeby3o@qq.com
1231,Westleigh,Bertl,8727582948,wbertl3p@flavors.me
1232,Kissie,Hazlewood,7312761106,khazlewood3q@virginia.edu
1233,Feodor,Ridgway,3789956565,fridgway3r@cyberchimps.com
1234,Ursulina,Dyneley,3384391082,udyneley3s@fema.gov
1235,Vonnie,Yablsley,3268670238,vyablsley3t@liveinternet.ru
1236,Chicky,Bruff,9906721896,cbruff3u@dot.gov
1237,Luisa,Verrell,3299017572,lverrell3v@youtu.be
1238,Zahara,Titford,7656944920,ztitford3w@economist.com
1239,Hedvige,Pryce,2247275246,hpryce3x@japanpost.jp
1240,Meredithe,Sawnwy,5792000772,msawnwy3y@creativecommons.org
1241,Roxi,Petruska,6064553328,rpetruska3z@foxnews.com
1242,Sterne,Brazel,2207171452,sbrazel40@princeton.edu
1243,Colan,Binestead,7663274222,cbinestead41@hp.com
1244,Garrek,Kort,1285414176,gkort42@examiner.com
1245,Allsun,Este,8758797620,aeste43@ucsd.edu
1246,Simon,Redmain,4585563226,sredmain44@instagram.com
1247,Flint,Sancias,4553351181,fsancias45@mayoclinic.com
1248,Brandon,Colclough,2288790383,bcolclough46@facebook.com
1249,Gris,Wincott,7056209773,gwincott47@nyu.edu
1250,Rickert,Lofting,9801021161,rlofting48@stumbleupon.com
1251,Estevan,Benoey,5125385639,ebenoey49@ocn.ne.jp
1252,Quentin,Levensky,3958403070,qlevensky4a@multiply.com
1253,Donelle,Schenfisch,3533833571,dschenfisch4b@instagram.com
1254,Elroy,Diglin,8712460952,ediglin4c@jimdo.com
1255,Ashil,Adame,6738972810,aadame4d@vimeo.com
1256,Cecil,McQuaide,8931432283,cmcquaide4e@jimdo.com
1257,Vita,Hindenburg,2729763280,vhindenburg4f@homestead.com
1258,Maiga,Spratley,9684642713,mspratley4g@reddit.com
1259,Opalina,Priditt,4737220024,opriditt4h@sitemeter.com
1260,Andee,Harwell,9085635694,aharwell4i@simplemachines.org
1261,Fanechka,Fullegar,8543031985,ffullegar4j@tinypic.com
1262,Alysa,Jakoubec,6756871040,ajakoubec4k@bloglovin.com
1263,Vivianna,Yackiminie,4322418325,vyackiminie4l@webeden.co.uk
1264,Duffy,Holdforth,4368236870,dholdforth4m@wufoo.com
1265,Mead,Labba,7733111684,mlabba4n@comcast.net
1266,Reginauld,Silverston,8868218565,rsilverston4o@nih.gov
1267,Ginnie,Peebles,4088512415,gpeebles4p@weather.com
1268,Lars,Mcasparan,9198816650,lmcasparan4q@youku.com
1269,Tanny,David,4775214756,tdavid4r@ovh.net
1270,Massimo,Liverock,6396186873,mliverock4s@xing.com
1271,Hermine,Claybourne,4718529777,hclaybourne4t@altervista.org
1272,Carolann,Lorenzetti,7143233143,clorenzetti4u@netlog.com
1273,Hadley,Matyugin,4931733216,hmatyugin4v@ed.gov
1274,Christina,Goodfellowe,2037582728,cgoodfellowe4w@nps.gov
1275,Steffen,Eastmead,4227369926,seastmead4x@netscape.com
1276,Elianore,Alejo,9024393508,ealejo4y@ebay.com
1277,Coriss,Saer,2146979513,csaer4z@shinystat.com
1278,Chelsy,Breming,1494328631,cbreming50@vinaora.com
1279,Bobina,Rhodef,7463083235,brhodef51@reference.com
1280,Gillan,Durtnal,1877282707,gdurtnal52@reference.com
1281,Giulia,Wratten,5605511624,gwratten53@wordpress.com
1282,Chaunce,Bruckenthal,3668075096,cbruckenthal54@webmd.com
1283,Vivian,Lilburne,7432194452,vlilburne55@ameblo.jp
1284,Joyan,Cockayne,5882255467,jcockayne56@reverbnation.com
1285,Clifford,Libermore,3656605012,clibermore57@techcrunch.com
1286,Bronnie,Bratton,5456020793,bbratton58@who.int
1287,Ainsley,Lammerding,3214962225,alammerding59@ustream.tv
1288,Kurt,Stollenberg,4665724775,kstollenberg5a@umich.edu
1289,Wolfie,Godmar,2531454761,wgodmar5b@twitter.com
1290,Briant,Herreran,1771861318,bherreran5c@imdb.com
1291,Iosep,Haycroft,2949706045,ihaycroft5d@godaddy.com
1292,Margit,Knibley,6255929314,mknibley5e@over-blog.com
1293,Theobald,Sisnett,7768169471,tsisnett5f@nature.com
1294,Ned,Franciotti,7429493015,nfranciotti5g@lycos.com
1295,Persis,Brampton,7625061694,pbrampton5h@washington.edu
1296,Dickie,Heindle,6692412347,dheindle5i@sogou.com
1297,Martin,Zavittieri,5459472370,mzavittieri8b@flavors.me
1298,Lanny,Jakubczyk,9765886158,ljakubczyk8c@seesaa.net
1299,Riannon,Roach,4677427303,rroach8d@msu.edu
1300,Candis,Anney,8183539175,canney8e@fastcompany.com
1301,Adah,Leetham,1466607114,aleetham8f@g.co
1302,Cleveland,Mableson,7089525108,cmableson8g@epa.gov
1303,Marjorie,Whyborne,4415731112,mwhyborne8h@i2i.jp
1304,Edmund,Brignell,5385551981,ebrignell8i@wikipedia.org
1305,Nara,Baselli,5443361571,nbaselli8j@vkontakte.ru
1306,Siobhan,Gwilliam,1548644520,sgwilliam8k@gravatar.com
1307,Cristian,Berrycloth,3658117840,cberrycloth8l@list-manage.com
1308,Myrle,Grice,9615837110,mgrice8m@mlb.com
1309,Quintana,Colliber,7327287960,qcolliber8n@wikipedia.org
1310,Davida,Sainteau,7159671422,dsainteau8o@ehow.com
1311,Giorgio,Emblin,7742048435,gemblin8p@last.fm
1312,Bobbe,Adolthine,9857591502,badolthine8q@nydailynews.com
1313,Cortie,Meineken,1362233295,cmeineken8r@weebly.com
1314,Delaney,Eastment,7315283637,deastment8s@xing.com
1315,Davis,Northin,4472399947,dnorthin8t@yahoo.com
1316,Lavena,Skone,8479147484,lskone8u@cnn.com
1317,Hillary,Matchett,2279218840,hmatchett8v@xing.com
1318,Shay,Trillow,2775176228,strillow8w@wp.com
1319,Vittorio,Huburn,5607895529,vhuburn8x@msn.com
1320,Malissia,Flarity,5575461314,mflarity8y@ow.ly
1321,Sydney,Hrus,3077467825,shrus8z@usa.gov
1322,Timothea,Waterfall,8072287894,twaterfall90@usatoday.com
1323,Elisabet,Pitney,6277648304,epitney91@creativecommons.org
1324,Cris,Strute,9295571356,cstrute92@symantec.com
1325,Ripley,Cawsey,2426236537,rcawsey93@goo.ne.jp
1326,Nehemiah,Jandel,7015291853,njandel94@cbslocal.com
1327,Rozele,Willshere,6984431332,rwillshere95@nps.gov
1328,Alva,Lardge,7446022443,alardge96@people.com.cn
1329,Zola,Trevascus,7325806490,ztrevascus97@alibaba.com
1330,Victoir,Sedman,2003287562,vsedman98@usgs.gov
1331,Giustino,Hindge,8084804553,ghindge99@army.mil
1332,Richy,MacCracken,9112582590,rmaccracken9a@nydailynews.com
1333,Bernhard,Chomicki,9979346227,bchomicki9b@narod.ru
1334,Farly,Fernandes,5098587891,ffernandes9c@marriott.com
1335,Eward,Cattini,9918765511,ecattini9d@npr.org
1336,Lucius,Dillow,9355229292,ldillow9e@goo.ne.jp
1337,Emmett,Strange,1025903444,estrange9f@nyu.edu
1338,Turner,Pawlaczyk,4118752178,tpawlaczyk9g@ifeng.com
1339,Rafaelia,Frondt,1515983375,rfrondt9h@wired.com
1340,Bobby,Rylands,2715511525,brylands9i@nbcnews.com
1341,Zaneta,Bigg,9433857659,zbigg9j@cnet.com
1342,Angelina,Cranston,1104854348,acranston9k@google.nl
1343,Nikolai,Pagan,5945079357,npagan9l@ow.ly
1344,Berk,Ungerechts,1947087493,bungerechts9m@goo.ne.jp
1345,Alvy,Bernhard,3758268158,abernhard9n@fema.gov
1346,Cathe,Faier,6318283529,cfaier9o@umn.edu
1347,Elizabet,Gianasi,3269110317,egianasi9p@rediff.com
1348,Wren,Lewsy,6623323080,wlewsy9q@constantcontact.com
1349,Ellwood,Kemet,8972245562,ekemet9r@twitpic.com
1350,Ivonne,Newham,5177822608,inewham9s@phoca.cz
1351,Con,Kahane,4055481063,ckahane9t@a8.net
1352,Susi,Mayall,7766208435,smayall9u@rakuten.co.jp
1353,Andra,Sehorsch,8525338511,asehorsch9v@trellian.com
1354,Phillida,Komorowski,1575174785,pkomorowski9w@earthlink.net
1355,Sophie,Woodison,6923520538,swoodison9x@amazon.de
1356,Tedmund,Oneal,2018010635,toneal9y@desdev.cn
1357,Carolyn,Geator,6682351343,cgeator9z@utexas.edu
1358,Titus,Collcott,1384900887,tcollcotta0@wufoo.com
1359,Clayborn,Ramet,8717665353,crameta1@nymag.com
1360,Nerti,Culbert,8319484210,nculberta2@blogtalkradio.com
1361,Netta,deBullion,8061041135,ndebulliona3@apple.com
1362,Kippie,Etheredge,9526821370,ketheredgea4@ed.gov
1363,Pammie,Billinge,1246899980,pbillingea5@xinhuanet.com
1364,Obediah,Keers,1196058239,okeersa6@infoseek.co.jp
1365,Vassily,Zecchetti,8608055090,vzecchettia7@marketwatch.com
1366,Sib,Gonthier,5112503490,sgonthiera8@hostgator.com
1367,Evvy,Besant,4326536503,ebesanta9@xrea.com
1368,Ole,London,1994739131,olondonaa@sciencedaily.com
1369,Antonina,Spacey,1166986582,aspaceyab@howstuffworks.com
1370,Donnie,Antoniewicz,5176665871,dantoniewiczac@twitpic.com
1371,Lacy,Shekle,3128100855,lsheklead@liveinternet.ru
1372,Mikol,Savatier,5184510341,msavatierae@liveinternet.ru
1373,Denver,Hryskiewicz,2324820190,dhryskiewiczaf@wikia.com
1374,Hilario,Huckerbe,4672287442,hhuckerbeag@gizmodo.com
1375,West,Morrell,3045859376,wmorrellah@netlog.com
1376,Clea,Cowey,3304661878,ccoweyai@nps.gov
1377,Filippo,Riby,5858907063,fribyaj@about.me
1378,Caron,Paddle,6623624773,cpaddleak@dailymail.co.uk
1379,Magdalene,Edmett,4224253631,medmettal@cdbaby.com
1380,Charis,Chestle,7821630597,cchestleam@tamu.edu
1381,Brenden,Robatham,8216222103,brobathaman@msu.edu
1382,Redford,Baume,7829595343,rbaumeao@globo.com
1383,Adore,Klimushev,7222470997,aklimushevap@nasa.gov
1384,Andrea,Muehler,4947056639,amuehleraq@reuters.com
1385,Reeta,Headingham,1987769735,rheadinghamar@unblog.fr
1386,Lennard,Brosio,8708774311,lbrosioas@parallels.com
1387,Kacie,Scardafield,6936824495,kscardafieldat@soundcloud.com
1388,Jeana,Seedhouse,6786866077,jseedhouseau@barnesandnoble.com
1389,Noelle,deNore,8719416596,ndenoreav@posterous.com
1390,Alejoa,McCrossan,3182162862,amccrossanaw@globo.com
1391,Hortense,Withey,7311873680,hwitheyax@indiatimes.com
1392,Bertie,Dellenbrok,8933505647,bdellenbrokay@mozilla.org
1393,Miltie,McGillacoell,6826383231,mmcgillacoellaz@tiny.cc
1394,Kendra,Ousbie,6754536781,kousbieb0@opera.com
1395,Bernarr,Auld,8253525137,bauldb1@indiegogo.com
1396,Corrie,Calabry,3805505356,ccalabryb2@google.de
1397,Laurice,Margram,9863060911,lmargramb3@pinterest.com
1398,Sapphire,Surridge,7114834933,ssurridgeb4@odnoklassniki.ru
1399,Mercedes,Matzke,7081588978,mmatzkeb5@unblog.fr
1400,Raymund,Coleyshaw,1926982003,rcoleyshawb6@alexa.com
1401,Minne,DiLucia,2832492491,mdiluciab7@seattletimes.com
1402,Burr,Hammatt,3913895635,bhammattb8@irs.gov
1403,Rozalin,Eddow,4173822336,reddowb9@eepurl.com
1404,Arv,Nutman,6836923152,anutmanba@latimes.com
1405,Vivianna,David,8495110288,vdavidbb@mapquest.com
1406,Earvin,Fabbri,3201331037,efabbribc@com.com
1407,Cary,Capenor,7834050518,ccapenorbd@thetimes.co.uk
1408,Lou,Borzoni,9551780758,lborzonibe@desdev.cn
1409,Trudi,Fulun,6968470133,tfulunbf@nydailynews.com
1410,Dion,Cassar,5578257516,dcassarbg@cornell.edu
1411,Avie,Wychard,7098683000,awychardbh@amazon.co.uk
1412,Tremaine,Krause,6149717160,tkrausebi@wix.com
1413,Maison,Sagg,1217695226,msaggbj@netlog.com
1414,Pearce,Garstang,7588242423,pgarstangbk@deliciousdays.com
1415,Janine,Leser,2702812727,jleserbl@npr.org
1416,Tara,Benardette,4403213025,tbenardettebm@ezinearticles.com
1417,Mikkel,Hollow,5293711093,mhollowbn@vistaprint.com
1418,De,Pawfoot,4926701683,dpawfootbo@cnet.com
1419,Amaleta,Repper,5158646340,arepperbp@fc2.com
1420,Catha,Creelman,4057495993,ccreelmanbq@answers.com
1421,Ronda,Maken,8627047302,rmakenbr@newyorker.com
1422,Malory,Gawkes,4574718470,mgawkesbs@marriott.com
1423,Adelaide,Kimmitt,7452085168,akimmittbt@bloglovin.com
1424,Nap,Dominguez,7299939174,ndominguezbu@google.com.br
1425,Erv,Cowdrey,1689586159,ecowdreybv@utexas.edu
1426,Antonella,Hinkensen,7419713704,ahinkensenbw@usa.gov
1427,Lura,Lequeux,4895314503,llequeuxbx@privacy.gov.au
1428,Gaynor,Coughtrey,9451545679,gcoughtreyby@huffingtonpost.com
1429,Georgine,Glew,5841011602,gglewbz@samsung.com
1430,Fee,Almak,3631813307,falmakc0@posterous.com
1431,Hube,Dregan,8241132514,hdreganc1@wikispaces.com
1432,Cynthie,Gossington,3368543767,cgossingtonc2@ovh.net
1433,Victoria,Dimont,2852187571,vdimontc3@360.cn
1434,Carline,Pohling,4187927107,cpohlingc4@hexun.com
1435,Carrol,Copyn,7399786959,ccopync5@senate.gov
1436,Erskine,Lemme,5489532164,elemmec6@redcross.org
1437,Sasha,Castilla,7019607860,scastillac7@epa.gov
1438,Vassili,Scholer,3361988475,vscholerc8@wordpress.com
1439,Leicester,Lunnon,7739305602,llunnonc9@unblog.fr
1440,Jabez,Fridd,4533271629,jfriddca@army.mil
1441,Miles,Robun,9821517482,mrobuncb@google.fr
1442,Rusty,Whytock,5784970901,rwhytockcc@chronoengine.com
1443,Reinhold,Fonte,1825929448,rfontecd@forbes.com
1444,Audry,Munnis,6704130259,amunnisce@lycos.com
1445,Sephira,Dury,4683731916,sdurycf@free.fr
1446,Martica,Ortet,7549655327,mortetcg@baidu.com
1447,Pooh,Kliemchen,6345020081,pkliemchench@usnews.com
1448,Sharlene,Behling,8086368211,sbehlingci@comcast.net
1449,Esdras,Murcott,3977284391,emurcottcj@printfriendly.com
1450,Caroljean,Shardlow,6945675213,cshardlowck@360.cn
1451,Yul,Gouldbourn,6602640875,ygouldbourncl@desdev.cn
1452,Fulton,Matches,9136357224,fmatchescm@netscape.com
1453,Dniren,Cossar,2994953552,dcossarcn@jigsy.com
1454,Merci,Boule,6283269906,mbouleco@vk.com
1455,Jerrilee,Seywood,4261831712,jseywoodcp@com.com
1456,Nedda,Dunckley,9334666536,ndunckleycq@technorati.com
1457,Donelle,Winter,2919975494,dwintercr@hostgator.com
1458,Ariana,Eilhertsen,4939534406,aeilhertsencs@wikia.com
1459,Cinda,Noonan,8775412104,cnoonanct@stanford.edu
1460,Karola,Cochern,2203253940,kcocherncu@yolasite.com
1461,Boonie,Gjerde,3121792869,bgjerdecv@psu.edu
1462,Madelene,Bish,3457123409,mbishcw@webeden.co.uk
1463,Bili,Dot,5246280306,bdotcx@discuz.net
1464,Isa,Danilov,3687810699,idanilovcy@answers.com
1465,Philbert,Kilfeder,7533949215,pkilfedercz@nifty.com
1466,Portia,Uden,6522071385,pudend0@auda.org.au
1467,Chrystal,Worwood,5411405890,cworwoodd1@last.fm
1468,Symon,Pepperell,6249457687,spepperelld2@japanpost.jp
1469,Dona,Bellam,4333862817,dbellamd3@marriott.com
1470,Patricio,Filipputti,4821922281,pfilipputtid4@desdev.cn
1471,Justin,Mougin,7698522722,jmougind5@apple.com
1472,Isac,Villaret,3668240695,ivillaretd6@discuz.net
1473,Evered,Firebrace,8076527367,efirebraced7@twitpic.com
1474,Powell,Filyashin,7646414136,pfilyashind8@tiny.cc
1475,Alain,Riddeough,8133012717,ariddeoughd9@odnoklassniki.ru
1476,Dori,Leith,4773902545,dleithda@nps.gov
1477,Jordan,Bremley,2746383172,jbremleydb@home.pl
1478,Cleopatra,Ragless,3798497686,craglessdc@wix.com
1479,Brit,Mayor,8187214961,bmayordd@mapquest.com
1480,Lesley,McGinly,7365121177,lmcginlyde@disqus.com
1481,Darren,Fullerton,3134926085,dfullertondf@google.nl
1482,Luce,Bremner,4788801553,lbremnerdg@tuttocitta.it
1483,Rhetta,Graybeal,9899312337,rgraybealdh@vimeo.com
1484,Myrilla,Gowar,4297197090,mgowardi@ted.com
1485,Maurizio,Burgoin,4403710284,mburgoindj@chicagotribune.com
1486,Deena,Pechacek,2532882966,dpechacekdk@npr.org
1487,Abigael,Meaton,7051496734,ameatondl@ox.ac.uk
1488,Rutherford,Beckford,5363920882,rbeckforddm@census.gov
1489,Mathilde,Shaylor,2483208602,mshaylordn@marriott.com
1490,Valentia,Mandel,5041509913,vmandeldo@tinypic.com
1491,Darla,Day,4866011525,ddaydp@netlog.com
1492,Ivett,Alves,7466273835,ialvesdq@seesaa.net
1493,Leila,Cornner,5548986712,lcornnerdr@macromedia.com
1494,Collie,Digginson,7297351147,cdigginsonds@joomla.org
1495,Sigvard,Weben,7934904057,swebendt@ca.gov
1496,Anstice,Chrichton,2355963164,achrichtondu@nature.com
1497,Dallis,Greeves,5616923682,dgreevesdv@ed.gov
1498,Gerti,Etuck,5158647478,getuckdw@tmall.com
1499,Emery,Breese,6355548923,ebreesedx@pbs.org
1500,Monro,Gunnell,1148755149,mgunnelldy@bravesites.com
1501,Halimeda,Brookhouse,3974111689,hbrookhousedz@discuz.net
1502,Alix,Simyson,9513667282,asimysone0@mail.ru
1503,Dawna,Troubridge,9332802560,dtroubridgee1@naver.com
1504,Johannes,Burgwin,8337499135,jburgwine2@ihg.com
1505,Hatty,Ziems,8783871591,hziemse3@ebay.co.uk
1506,Rudy,Burgon,1831156927,rburgone4@businesswire.com
1507,Ivy,Signori,8477906682,isignorie5@wordpress.com
1508,Olimpia,Saer,5464122189,osaere6@walmart.com
1509,Janeen,Edbrooke,9135576074,jedbrookee7@github.com
1510,Shelly,Roome,7677802393,sroomee8@noaa.gov
1511,Renaud,Stit,5496486077,rstite9@cdbaby.com
1512,Vic,Abriani,8479673269,vabrianiea@de.vu
1513,Loralyn,Byard,7904310488,lbyardeb@disqus.com
1514,Bendick,Kaplin,8254792017,bkaplinec@ucoz.com
1515,Giffard,Chugg,9604788610,gchugged@google.pl
1516,Fabio,Selborne,7825605375,fselborneee@bigcartel.com
1517,Kirby,Kennan,1226486968,kkennanef@harvard.edu
1518,Stefania,Posselt,8568126258,sposselteg@jugem.jp
1519,Clayborne,Blanchet,3647294804,cblancheteh@pcworld.com
1520,Dorena,Rowlands,5079632196,drowlandsei@wikipedia.org
1521,Talia,Wickman,5718760642,twickmanej@gov.uk
1522,Hank,Badsworth,3546624041,hbadsworthek@seattletimes.com
1523,Justinn,Grece,6291317403,jgreceel@topsy.com
1524,Neala,Howson,8733020507,nhowsonem@economist.com
1525,Gabie,Blodg,3798999586,gblodgen@si.edu
1526,Bethanne,Peasby,7266609150,bpeasbyeo@sun.com
1527,Ann,Peetermann,8032038301,apeetermannep@google.com.br
1528,Dottie,Ganforthe,5234236900,dganfortheeq@lycos.com
1529,Tuck,Basili,5874428806,tbasilier@comsenz.com
1530,Helen,Hackworth,6214433897,hhackworthes@privacy.gov.au
1531,Maryann,Davidsson,5174467900,mdavidssonet@toplist.cz
1532,Jodie,Elgie,8952635884,jelgieeu@sohu.com
1533,Eziechiele,Langfield,2312328876,elangfieldev@nyu.edu
1534,Munmro,Merfin,5978159415,mmerfinew@webmd.com
1535,Pierrette,Penhalewick,1713456159,ppenhalewickex@blogs.com
1536,Javier,Sieur,1604133599,jsieurey@gizmodo.com
1537,Amabel,Brumham,9486600098,abrumhamez@freewebs.com
1538,Modesty,Haysom,8061362813,mhaysomf0@1und1.de
1539,Jase,Tickle,9868217830,jticklef1@msu.edu
1540,Xylia,Sproat,8763924019,xsproatf2@privacy.gov.au
1541,Artemis,Ludl,5607629406,aludlf3@who.int
1542,Casandra,Prozescky,4908725143,cprozesckyf4@angelfire.com
1543,Federica,Hillyatt,5738928771,fhillyattf5@storify.com
1544,Damiano,Sybe,6667681750,dsybef6@sbwire.com
1545,Kendra,Dubery,5574808484,kduberyf7@hud.gov
1546,Devland,Ingarfill,5101571625,dingarfillf8@jalbum.net
1547,Keely,Lambswood,7413322141,klambswoodf9@buzzfeed.com
1548,Valeda,Horney,6746061530,vhorneyfa@tinyurl.com
1549,Drusi,Deverille,9272914272,ddeverillefb@japanpost.jp
1550,Alvie,Rubinek,9654234319,arubinekfc@pen.io
1551,Audry,Pickless,9585712380,apicklessfd@ifeng.com
1552,Juana,Gaydon,8643089194,jgaydonfe@tmall.com
1553,Lynnett,Tibbles,3547014993,ltibblesff@gravatar.com
1554,Mada,Barden,4325637490,mbardenfg@mapy.cz
1555,Stacia,Lamond,2434556470,slamondfh@oakley.com
1556,Derby,Andreasen,3811592520,dandreasenfi@vk.com
1557,Bili,Walewicz,9904787897,bwalewiczfj@hexun.com
1558,Hanny,Lidstone,7094709937,hlidstonefk@dell.com
1559,Bellanca,Booeln,4386250483,bbooelnfl@lulu.com
1560,Debora,Litster,7029814893,dlitsterfm@yellowpages.com
1561,Joey,Farnaby,5909221958,jfarnabyfn@gravatar.com
1562,Chauncey,Jacmar,8372409958,cjacmarfo@baidu.com
1563,Matti,Pilgrim,7408361772,mpilgrimfp@wufoo.com
1564,Alix,Joberne,5975760075,ajobernefq@homestead.com
1565,Isidore,Briston,6266781250,ibristonfr@umich.edu
1566,Ellary,Scamel,3129939049,escamelfs@bizjournals.com
1567,Flor,Bazeley,7803915158,fbazeleyft@ask.com
1568,Alwin,Cullington,2188992468,acullingtonfu@vinaora.com
1569,Cristian,Chaplyn,6483442716,cchaplynfv@instagram.com
1570,Felike,Lawlor,9943964316,flawlorfw@netlog.com
1571,Abran,Ciottoi,7064429422,aciottoifx@auda.org.au
1572,Jeremias,Neilus,5087012267,jneilusfy@nasa.gov
1573,Ruben,Lawtie,2883300054,rlawtiefz@posterous.com
1574,Husein,Gislebert,3254022550,hgislebertg0@arstechnica.com
1575,Mora,Batistelli,4297252283,mbatistellig1@slideshare.net
1576,Valry,Jereatt,8652679183,vjereattg2@mysql.com
1577,Ailbert,Pessolt,6682441154,apessoltg3@arstechnica.com
1578,Abramo,Casin,6097404364,acasing4@cyberchimps.com
1579,Halley,Vowles,9284377250,hvowlesg5@tripod.com
1580,Moyra,O'Boyle,4105850864,moboyleg6@ftc.gov
1581,Kippie,Musla,3488790726,kmuslag7@scientificamerican.com
1582,Shanan,Issit,9051767664,sissitg8@creativecommons.org
1583,Stephanus,Augustus,5667114907,saugustusg9@mozilla.com
1584,Thorin,Matuszyk,3021994210,tmatuszykga@t.co
1585,Evy,Rangle,2217117259,eranglegb@theatlantic.com
1586,Myriam,Ettels,4486161313,mettelsgc@seesaa.net
1587,Bastian,DeCastri,7598221757,bdecastrigd@mapy.cz
1588,Kath,Fassan,5786614885,kfassange@china.com.cn
1589,Miranda,Diwell,9371969290,mdiwellgf@yahoo.co.jp
1590,Sydney,South,5203531137,ssouthgg@utexas.edu
1591,Kingsly,Fleury,3331590295,kfleurygh@dyndns.org
1592,Gav,Narey,1736003228,gnareygi@arizona.edu
1593,Katlin,Haville,9572386266,khavillegj@wikipedia.org
1594,Huey,Lightfoot,4034448255,hlightfootgk@go.com
1595,Rourke,OSullivan,6837753433,rosullivangl@themeforest.net
1596,Nate,Errett,8428961130,nerrettgm@ocn.ne.jp
1597,Letisha,Abernethy,8834686002,labernethygn@state.tx.us
1598,Barr,Tewkesberrie,3587282558,btewkesberriego@ehow.com
1599,Thornie,Franzen,7358583303,tfranzengp@answers.com
1600,Winne,Deddum,9411212758,wdeddumgq@angelfire.com
1601,Jerome,Beals,7874993550,jbealsgr@wsj.com
1602,Nico,Croux,2338596908,ncrouxgs@hubpages.com
1603,Miner,Shurrocks,5537313078,mshurrocksgt@naver.com
1604,Randene,Cornborough,4687886601,rcornboroughgu@time.com
1605,Reynard,Muggach,4631092282,rmuggachgv@fda.gov
1606,Rochelle,Hadenton,2068443048,rhadentongw@reuters.com
1607,Chlo,Fawlkes,8727652286,cfawlkesgx@surveymonkey.com
1608,Sheffy,Deal,7515402017,sdealgy@blogs.com
1609,Raye,Valti,3433982355,rvaltigz@homestead.com
1610,Corella,Fermer,3992189205,cfermerh0@ucsd.edu
1611,Yorgos,Roche,4124133641,yrocheh1@studiopress.com
1612,Thelma,Hirth,8217474286,thirthh2@umn.edu
1613,Claudius,Tilly,9264437298,ctillyh3@github.io
1614,Ethelind,Agdahl,4033854668,eagdahlh4@psu.edu
1615,Alidia,Vettore,9549071481,avettoreh5@infoseek.co.jp
1616,Cally,Bridgland,3433389703,cbridglandh6@sciencedaily.com
1617,Ros,Taysbil,9735412631,rtaysbilh7@1und1.de
1618,Hank,Tollit,7118222913,htollith8@salon.com
1619,Flem,Drynan,5526229072,fdrynanh9@msn.com
1620,Jessamyn,Stolz,2234648951,jstolzha@upenn.edu
1621,Bordy,Brimblecomb,6303309315,bbrimblecombhb@wordpress.com
1622,Lurlene,Loadwick,8504612149,lloadwickhc@google.pl
1623,Mavis,Britzius,6105557730,mbritziushd@wired.com
1624,Lorens,Belderson,4211946893,lbeldersonhe@statcounter.com
1625,Rhodie,Lyford,7469195743,rlyfordhf@taobao.com
1626,Myrtice,Simkiss,6064691062,msimkisshg@ucoz.com
1627,Elsy,Mayman,5303767092,emaymanhh@washingtonpost.com
1628,William,Figgins,7963975342,wfigginshi@4shared.com
1629,Samson,Selesnick,4512120248,sselesnickhj@theatlantic.com
1630,Ingelbert,Venn,2284371450,ivennhk@samsung.com
1631,Allin,Rasher,9736112184,arasherhl@soundcloud.com
1632,Damien,Bemwell,1372007470,dbemwellhm@behance.net
1633,Bo,Fanstone,4396320704,bfanstonehn@fotki.com
1634,Dyana,Boshere,2394783500,dboshereho@ox.ac.uk
1635,Cindie,Rey,3007890625,creyhp@netvibes.com
1636,Lesly,Frude,3361974487,lfrudehq@cargocollective.com
1637,Pascal,Blaschke,4436920027,pblaschkehr@nba.com
1638,Noe,Winchcombe,1562250879,nwinchcombehs@amazon.co.jp
1639,Valida,Stroyan,9308384874,vstroyanht@webnode.com
1640,Codie,Dorcey,3614664059,cdorceyhu@shutterfly.com
1641,Gregory,Luca,8297014113,glucahv@sphinn.com
1642,Cybill,Gillum,2461855379,cgillumhw@canalblog.com
1643,Lenna,McAvinchey,2991791686,lmcavincheyhx@cisco.com
1644,Austen,Crohan,8061346596,acrohanhy@studiopress.com
1645,Hillery,Niezen,4072128689,hniezenhz@unblog.fr
1646,Winn,Tremellan,9591071063,wtremellani0@upenn.edu
1647,Adda,Whyffen,7395517057,awhyffeni1@squidoo.com
1648,Kalina,Janiak,4423324983,kjaniakm2@shutterfly.com
1649,Neila,Fishby,8735269904,nfishbym3@g.co
1650,Vanya,Luscombe,4134918767,vluscombem4@cdbaby.com
1651,Rafael,Shoebotham,1153161125,rshoebothamm5@yahoo.co.jp
1652,Moria,Kinnane,7999739964,mkinnanem6@icq.com
1653,Carleton,McMenamie,4313817894,cmcmenamiem7@marriott.com
1654,Kellyann,Bray,4062489472,kbraym8@vistaprint.com
1655,Alameda,Bene,1147658251,abenem9@unblog.fr
1656,Arne,Ebbins,4953230267,aebbinsma@phoca.cz
1657,Norris,Carluccio,9811918152,ncarlucciomb@bigcartel.com
1658,Papagena,Jzak,2046494846,pjzakmc@newyorker.com
1659,Gabriele,Ratcliffe,4543683956,gratcliffemd@ovh.net
1660,Roberto,Kordova,6952883566,rkordovame@themeforest.net
1661,Theodora,Choppen,7334873482,tchoppenmf@twitpic.com
1662,Darcy,Eul,9874809774,deulmg@toplist.cz
1663,Hort,Raffels,8285409888,hraffelsmh@google.co.uk
1664,Beverlie,Wartnaby,9883688457,bwartnabymi@soundcloud.com
1665,Gabie,Althorpe,4289443719,galthorpemj@sbwire.com
1666,Teressa,Daine,2188975098,tdainemk@blogspot.com
1667,Nissy,Snelson,7424836316,nsnelsonml@tinyurl.com
1668,Karee,Runacres,1049058369,krunacresmm@nyu.edu
1669,Mariam,Broadnicke,3673016772,mbroadnickemn@blogs.com
1670,Halli,Durek,1473533988,hdurekmo@businessweek.com
1671,Elenore,Wyldbore,9632182097,ewyldboremp@thetimes.co.uk
1672,Celestia,McCullum,6136234825,cmccullummq@woothemes.com
1673,David,Robe,1508617985,drobemr@cargocollective.com
1674,Bliss,Messier,3778963272,bmessierms@tinyurl.com
1675,Tully,Leebetter,1687524480,tleebettermt@auda.org.au
1676,Ernst,Ames,9408065605,eamesmu@cloudflare.com
1677,Lonny,Nieass,6895384023,lnieassmv@domainmarket.com
1678,Yancy,Brimilcombe,6671425105,ybrimilcombemw@webnode.com
1679,Albrecht,Adds,7466427373,aaddsmx@w3.org
1680,Isidor,Eidler,4585562832,ieidlermy@usda.gov
1681,Hazel,Sperring,6276746164,hsperringmz@ycombinator.com
1682,Ermina,Sorby,8965628432,esorbyn0@youtube.com
1683,Ced,Tilt,1901427492,ctiltn1@360.cn
1684,Sib,Maffeo,2625636078,smaffeon2@spiegel.de
1685,Marisa,Robertelli,6277196506,mrobertellin3@dion.ne.jp
1686,Cherye,Vigus,5345794373,cvigusn4@cbsnews.com
1687,Lynnea,Sidlow,7462804917,lsidlown5@clickbank.net
1688,Patton,Servante,3675697404,pservanten6@furl.net
1689,Sly,Carruthers,3515277961,scarruthersn7@tuttocitta.it
1690,Cash,Bielfeld,1938891507,cbielfeldn8@loc.gov
1691,Gabie,Jerisch,4342628408,gjerischn9@disqus.com
1692,Godwin,Eberdt,8226076858,geberdtna@sfgate.com
1693,Adele,MacFadin,5481691719,amacfadinnb@hostgator.com
1694,Samantha,Lesslie,1426587220,slesslienc@admin.ch
1695,Austin,Yarmouth,2948504360,ayarmouthnd@slashdot.org
1696,Ilaire,Meugens,7813975605,imeugensne@mapquest.com
1697,Tonia,Kilfoyle,6485868146,tkilfoylenf@networkadvertising.org
1698,Loren,Hallin,2438399060,lhallinng@unesco.org
1699,Ad,Sayers,8805263518,asayersnh@dot.gov
1700,Pauli,Deal,1904826771,pdealni@usda.gov
1701,Ofelia,Sheal,4871900238,oshealnj@ebay.com
1702,Maddie,Tallboy,3038169220,mtallboynk@mit.edu
1703,Marshal,Cleen,5279216917,mcleennl@ezinearticles.com
1704,Terra,Lidgerton,7132181821,tlidgertonnm@bigcartel.com
1705,Horton,Fuge,7544464366,hfugenn@comcast.net
1706,Maridel,Prescott,2088309873,mprescottno@ycombinator.com
1707,Waite,Chesney,2859562765,wchesneynp@dailymail.co.uk
1708,Bryana,Lanfare,2934078760,blanfarenq@yelp.com
1709,Patsy,Joss,6899625765,pjossnr@moonfruit.com
1710,Shayne,Josilevich,3585934301,sjosilevichns@unc.edu
1711,Griselda,Dahlback,5973484556,gdahlbacknt@bigcartel.com
1712,Helen,Offill,5851864607,hoffillnu@house.gov
1713,Catie,Vlasov,7474819737,cvlasovnv@mlb.com
1714,Roxi,Worster,5243656232,rworsternw@weibo.com
1715,Aeriell,Caudelier,7378448737,acaudeliernx@e-recht24.de
1716,Aindrea,Najara,9167068253,anajarany@economist.com
1717,Mark,Ralls,8857147784,mrallsnz@nba.com
1718,Pete,Studdert,2026203938,pstudderto0@imdb.com
1719,Kassey,Abdie,5383957791,kabdieo1@usgs.gov
1720,Pavel,Gales,3199108755,pgaleso2@fema.gov
1721,Patrizia,Bentick,2594178262,pbenticko3@time.com
1722,Finn,Winmill,7709482494,fwinmillo4@squarespace.com
1723,Cindelyn,Ertel,2076419683,certelo5@cpanel.net
1724,Rem,Humm,5403914974,rhummo6@123-reg.co.uk
1725,Silvain,Leyshon,5278446641,sleyshono7@state.tx.us
1726,Booth,Deveraux,5888026646,bdeverauxo8@ed.gov
1727,Maren,Costigan,3983699801,mcostigano9@hostgator.com
1728,Chad,MacInherney,3639478928,cmacinherneyoa@independent.co.uk
1729,Reina,Aykroyd,9521984257,raykroydob@weebly.com
1730,Tymon,Meeson,3177646331,tmeesonoc@hexun.com
1731,Winona,Pennick,5188369633,wpennickod@bing.com
1732,Saxon,Swinglehurst,5904315055,sswinglehurstoe@statcounter.com
1733,Osmund,Robet,5758578817,orobetof@yale.edu
1734,Jedidiah,Deveril,8358704356,jdeverilog@shareasale.com
1735,Tabb,Pilkington,3249746519,tpilkingtonoh@slashdot.org
1736,Valentijn,Giannassi,6984094345,vgiannassioi@earthlink.net
1737,Banky,Tetsall,6826919425,btetsalloj@npr.org
1738,Robbert,Perritt,7567544142,rperrittok@mediafire.com
1739,Martguerita,Von Salzberg,5735423994,mvonsalzbergol@who.int
1740,Brenda,Grute,6577464853,bgruteom@nba.com